-- phpMyAdmin SQL Dump
-- version 5.1.1
-- https://www.phpmyadmin.net/
--
-- Host: 127.0.0.1
-- Generation Time: Feb 23, 2024 at 02:31 PM
-- Server version: 10.4.21-MariaDB
-- PHP Version: 8.0.11

SET SQL_MODE = "NO_AUTO_VALUE_ON_ZERO";
START TRANSACTION;
SET time_zone = "+00:00";


/*!40101 SET @OLD_CHARACTER_SET_CLIENT=@@CHARACTER_SET_CLIENT */;
/*!40101 SET @OLD_CHARACTER_SET_RESULTS=@@CHARACTER_SET_RESULTS */;
/*!40101 SET @OLD_COLLATION_CONNECTION=@@COLLATION_CONNECTION */;
/*!40101 SET NAMES utf8mb4 */;

--
-- Database: `games`
--

-- --------------------------------------------------------

--
-- Table structure for table `athlete`
--

CREATE TABLE `athlete` (
  `aID` int(11) NOT NULL,
  `aName` char(20) NOT NULL,
  `NOC` char(3) NOT NULL,
  `dob` date NOT NULL,
  `start` date NOT NULL,
  `finish` date NOT NULL
) ENGINE=InnoDB DEFAULT CHARSET=latin1;

--
-- Dumping data for table `athlete`
--

INSERT INTO `athlete` (`aID`, `aName`, `NOC`, `dob`, `start`, `finish`) VALUES
(101, 'A_001_01', '001', '1981-01-01', '1990-01-01', '2020-01-01'),
(102, 'A_001_02', '001', '1980-01-01', '1990-01-01', '2020-01-01'),
(103, 'A_001_03', '001', '1980-01-01', '1990-01-01', '2020-01-01'),
(104, 'A_001_04', '001', '1980-01-01', '1990-01-01', '2020-01-01'),
(105, 'A_001_05', '001', '1980-01-01', '1990-01-01', '2020-01-01'),
(106, 'A_001_06', '001', '1980-01-01', '1990-01-01', '2020-01-01'),
(107, 'A_001_07', '001', '1980-01-01', '1990-01-01', '2020-01-01'),
(108, 'A_001_08', '001', '1980-01-01', '1990-01-01', '2020-01-01'),
(109, 'A_001_09', '001', '1980-01-01', '1990-01-01', '2020-01-01'),
(110, 'A_001_10', '001', '1980-01-01', '1990-01-01', '2020-01-01'),
(111, 'A_001_11', '001', '1980-01-01', '1990-01-01', '2020-01-01'),
(112, 'A_001_12', '001', '1980-01-01', '1990-01-01', '2020-01-01'),
(113, 'A_001_13', '001', '1980-01-01', '1990-01-01', '2020-01-01'),
(114, 'A_001_14', '001', '1980-01-01', '1990-01-01', '2020-01-01'),
(115, 'A_001_15', '001', '1980-01-01', '1990-01-01', '2020-01-01'),
(116, 'A_001_16', '001', '1980-01-01', '1990-01-01', '2020-01-01'),
(117, 'A_001_17', '001', '1980-01-01', '1990-01-01', '2020-01-01'),
(118, 'A_001_18', '001', '1980-01-01', '1990-01-01', '2020-01-01'),
(119, 'A_001_19', '001', '1980-01-01', '1990-01-01', '2020-01-01'),
(120, 'A_001_20', '001', '1980-01-01', '1990-01-01', '2020-01-01'),
(121, 'A_001_21', '001', '1980-01-01', '1990-01-01', '2020-01-01'),
(122, 'A_001_22', '001', '1980-01-01', '1990-01-01', '2020-01-01'),
(123, 'A_001_23', '001', '1980-01-01', '1990-01-01', '2020-01-01'),
(124, 'A_001_24', '001', '1980-01-01', '1990-01-01', '2020-01-01'),
(125, 'A_001_25', '001', '1980-01-01', '1990-01-01', '2020-01-01'),
(126, 'A_001_26', '001', '1980-01-01', '1990-01-01', '2020-01-01'),
(127, 'A_001_27', '001', '1981-01-01', '1990-01-01', '2020-01-01'),
(128, 'A_001_28', '001', '1980-01-01', '1990-01-01', '2020-01-01'),
(129, 'A_001_29', '001', '1980-01-01', '1990-01-01', '2020-01-01'),
(130, 'A_001_30', '001', '1980-01-01', '1990-01-01', '2020-01-01'),
(131, 'A_001_31', '001', '1980-01-01', '1990-01-01', '2020-01-01'),
(132, 'A_001_32', '001', '1980-01-01', '1990-01-01', '2020-01-01'),
(133, 'A_001_33', '001', '1980-01-01', '1990-01-01', '2020-01-01'),
(134, 'A_001_34', '001', '1980-01-01', '1990-01-01', '2020-01-01'),
(135, 'A_001_35', '001', '1980-01-01', '1990-01-01', '2020-01-01'),
(136, 'A_001_36', '001', '1980-01-01', '1990-01-01', '2020-01-01'),
(137, 'A_001_37', '001', '1980-01-01', '1990-01-01', '2020-01-01'),
(138, 'A_001_38', '001', '1980-01-01', '1990-01-01', '2020-01-01'),
(139, 'A_001_39', '001', '1980-01-01', '1990-01-01', '2020-01-01'),
(140, 'A_001_40', '001', '1980-01-01', '1990-01-01', '2020-01-01'),
(141, 'A_001_41', '001', '1980-01-01', '1990-01-01', '2020-01-01'),
(142, 'A_001_42', '001', '1981-01-01', '1990-01-01', '2020-01-01'),
(143, 'A_001_43', '001', '1980-01-01', '1990-01-01', '2020-01-01'),
(144, 'A_001_44', '001', '1980-01-01', '1990-01-01', '2020-01-01'),
(145, 'A_001_45', '001', '1980-01-01', '1990-01-01', '2020-01-01'),
(146, 'A_001_46', '001', '1980-01-01', '1990-01-01', '2020-01-01'),
(147, 'A_001_47', '001', '1981-01-01', '1990-01-01', '2020-01-01'),
(148, 'A_001_48', '001', '1980-01-01', '1990-01-01', '2020-01-01'),
(149, 'A_001_49', '001', '1980-01-01', '1990-01-01', '2020-01-01'),
(150, 'A_001_50', '001', '1970-01-01', '1990-01-01', '2020-01-01'),
(151, 'A_001_51', '001', '1970-01-01', '1990-01-01', '2020-01-01'),
(152, 'A_001_52', '001', '1970-01-01', '1990-01-01', '2020-01-01'),
(153, 'A_001_53', '001', '1970-01-01', '1990-01-01', '2020-01-01'),
(154, 'A_001_54', '001', '1970-01-01', '1990-01-01', '2020-01-01'),
(155, 'A_001_55', '001', '1970-01-01', '1990-01-01', '2020-01-01'),
(156, 'A_001_56', '001', '1970-01-01', '1990-01-01', '2020-01-01'),
(157, 'A_001_57', '001', '1970-01-01', '1990-01-01', '2020-01-01'),
(201, 'A_002_01', '002', '1980-01-01', '1990-01-01', '2020-01-01'),
(202, 'A_002_02', '002', '1980-01-01', '1990-01-01', '2020-01-01'),
(203, 'A_002_03', '002', '1980-01-01', '1990-01-01', '2020-01-01'),
(204, 'A_002_04', '002', '1980-01-01', '1990-01-01', '2020-01-01'),
(205, 'A_002_05', '002', '1980-01-01', '1990-01-01', '2020-01-01'),
(206, 'A_002_06', '002', '1980-01-01', '1990-01-01', '2020-01-01'),
(207, 'A_002_07', '002', '1980-01-01', '1990-01-01', '2020-01-01'),
(208, 'A_002_08', '002', '1980-01-01', '1990-01-01', '2020-01-01'),
(209, 'A_002_09', '002', '1980-01-01', '1990-01-01', '2020-01-01'),
(210, 'A_002_10', '002', '1980-01-01', '1990-01-01', '2020-01-01'),
(211, 'A_002_11', '002', '1980-01-01', '1990-01-01', '2020-01-01'),
(212, 'A_002_12', '002', '1980-01-01', '1990-01-01', '2020-01-01'),
(213, 'A_002_13', '002', '1980-01-01', '1990-01-01', '2020-01-01'),
(214, 'A_002_14', '002', '1980-01-01', '1990-01-01', '2020-01-01'),
(215, 'A_002_15', '002', '1980-01-01', '1990-01-01', '2020-01-01'),
(216, 'A_002_16', '002', '1980-01-01', '1990-01-01', '2020-01-01'),
(217, 'A_002_17', '002', '1980-01-01', '1990-01-01', '2020-01-01'),
(218, 'A_002_18', '002', '1980-01-01', '1990-01-01', '2020-01-01'),
(219, 'A_002_19', '002', '1980-01-01', '1990-01-01', '2020-01-01'),
(220, 'A_002_20', '002', '1980-01-01', '1990-01-01', '2020-01-01'),
(221, 'A_002_21', '002', '1980-01-01', '1990-01-01', '2020-01-01'),
(222, 'A_002_22', '002', '1980-01-01', '1990-01-01', '2020-01-01'),
(223, 'A_002_23', '002', '1980-01-01', '1990-01-01', '2020-01-01'),
(224, 'A_002_24', '002', '1980-01-01', '1990-01-01', '2020-01-01'),
(225, 'A_002_25', '002', '1980-01-01', '1990-01-01', '2020-01-01'),
(226, 'A_002_26', '002', '1980-01-01', '1990-01-01', '2020-01-01'),
(227, 'A_002_27', '002', '1980-01-01', '1990-01-01', '2020-01-01'),
(228, 'A_002_28', '002', '1980-01-01', '1990-01-01', '2020-01-01'),
(229, 'A_002_29', '002', '1980-01-01', '1990-01-01', '2020-01-01'),
(230, 'A_002_30', '002', '1980-01-01', '1990-01-01', '2020-01-01'),
(231, 'A_002_31', '002', '1980-01-01', '1990-01-01', '2020-01-01'),
(232, 'A_002_32', '002', '1980-01-01', '1990-01-01', '2020-01-01'),
(233, 'A_002_33', '002', '1980-01-01', '1990-01-01', '2020-01-01'),
(234, 'A_002_34', '002', '1980-01-01', '1990-01-01', '2020-01-01'),
(235, 'A_002_35', '002', '1980-01-01', '1990-01-01', '2020-01-01'),
(236, 'A_002_36', '002', '1980-01-01', '1990-01-01', '2020-01-01'),
(237, 'A_002_37', '002', '1981-01-01', '1990-01-01', '2020-01-01'),
(238, 'A_002_38', '002', '1980-01-01', '1990-01-01', '2020-01-01'),
(239, 'A_002_39', '002', '1980-01-01', '1990-01-01', '2020-01-01'),
(240, 'A_002_40', '002', '1980-01-01', '1990-01-01', '2020-01-01'),
(241, 'A_002_41', '002', '1980-01-01', '1990-01-01', '2020-01-01'),
(242, 'A_002_42', '002', '1980-01-01', '1990-01-01', '2020-01-01'),
(243, 'A_002_43', '002', '1980-01-01', '1990-01-01', '2020-01-01'),
(244, 'A_002_44', '002', '1981-01-01', '1990-01-01', '2020-01-01'),
(245, 'A_002_45', '002', '1980-01-01', '1990-01-01', '2020-01-01'),
(246, 'A_002_46', '002', '1980-01-01', '1990-01-01', '2020-01-01'),
(247, 'A_002_47', '002', '1980-01-01', '1990-01-01', '2020-01-01'),
(248, 'A_002_48', '002', '1980-01-01', '1990-01-01', '2020-01-01'),
(249, 'A_002_49', '002', '1980-01-01', '1990-01-01', '2020-01-01'),
(250, 'A_002_50', '002', '1970-01-01', '1990-01-01', '2020-01-01'),
(251, 'A_002_51', '002', '1970-01-01', '1990-01-01', '2020-01-01'),
(252, 'A_002_52', '002', '1970-01-01', '1990-01-01', '2020-01-01'),
(253, 'A_002_53', '002', '1970-01-01', '1990-01-01', '2020-01-01'),
(254, 'A_002_54', '002', '1970-01-01', '1990-01-01', '2020-01-01'),
(255, 'A_002_55', '002', '1970-01-01', '1990-01-01', '2020-01-01'),
(301, 'A_003_01', '003', '1980-01-01', '1990-01-01', '2020-01-01'),
(302, 'A_003_02', '003', '1980-01-01', '1990-01-01', '2020-01-01'),
(303, 'A_003_03', '003', '1980-01-01', '1990-01-01', '2020-01-01'),
(304, 'A_003_04', '003', '1980-01-01', '1990-01-01', '2020-01-01'),
(305, 'A_003_05', '003', '1980-01-01', '1990-01-01', '2020-01-01'),
(306, 'A_003_06', '003', '1980-01-01', '1990-01-01', '2020-01-01'),
(307, 'A_003_07', '003', '1980-01-01', '1990-01-01', '2020-01-01'),
(308, 'A_003_08', '003', '1980-01-01', '1990-01-01', '2020-01-01'),
(309, 'A_003_09', '003', '1980-01-01', '1990-01-01', '2020-01-01'),
(310, 'A_003_10', '003', '1980-01-01', '1990-01-01', '2020-01-01'),
(311, 'A_003_11', '003', '1980-01-01', '1990-01-01', '2020-01-01'),
(312, 'A_003_12', '003', '1980-01-01', '1990-01-01', '2020-01-01'),
(313, 'A_003_13', '003', '1980-01-01', '1990-01-01', '2020-01-01'),
(314, 'A_003_14', '003', '1980-01-01', '1990-01-01', '2020-01-01'),
(315, 'A_003_15', '003', '1980-01-01', '1990-01-01', '2020-01-01'),
(316, 'A_003_16', '003', '1980-01-01', '1990-01-01', '2020-01-01'),
(317, 'A_003_17', '003', '1980-01-01', '1990-01-01', '2020-01-01'),
(318, 'A_003_18', '003', '1980-01-01', '1990-01-01', '2020-01-01'),
(319, 'A_003_19', '003', '1980-01-01', '1990-01-01', '2020-01-01'),
(320, 'A_003_20', '003', '1980-01-01', '1990-01-01', '2020-01-01'),
(321, 'A_003_21', '003', '1980-01-01', '1990-01-01', '2020-01-01'),
(322, 'A_003_22', '003', '1980-01-01', '1990-01-01', '2020-01-01'),
(323, 'A_003_23', '003', '1980-01-01', '1990-01-01', '2020-01-01'),
(324, 'A_003_24', '003', '1980-01-01', '1990-01-01', '2020-01-01'),
(325, 'A_003_25', '003', '1980-01-01', '1990-01-01', '2020-01-01'),
(326, 'A_003_26', '003', '1980-01-01', '1990-01-01', '2020-01-01'),
(327, 'A_003_27', '003', '1980-01-01', '1990-01-01', '2020-01-01'),
(328, 'A_003_28', '003', '1981-01-01', '1990-01-01', '2020-01-01'),
(329, 'A_003_29', '003', '1980-01-01', '1990-01-01', '2020-01-01'),
(330, 'A_003_30', '003', '1980-01-01', '1990-01-01', '2020-01-01'),
(331, 'A_003_31', '003', '1981-01-01', '1990-01-01', '2020-01-01'),
(332, 'A_003_32', '003', '1980-01-01', '1990-01-01', '2020-01-01'),
(333, 'A_003_33', '003', '1980-01-01', '1990-01-01', '2020-01-01'),
(334, 'A_003_34', '003', '1980-01-01', '1990-01-01', '2020-01-01'),
(335, 'A_003_35', '003', '1980-01-01', '1990-01-01', '2020-01-01'),
(336, 'A_003_36', '003', '1980-01-01', '1990-01-01', '2020-01-01'),
(337, 'A_003_37', '003', '1982-01-01', '1990-01-01', '2020-01-01'),
(338, 'A_003_38', '003', '1981-01-01', '1990-01-01', '2020-01-01'),
(339, 'A_003_39', '003', '1980-01-01', '1990-01-01', '2020-01-01'),
(340, 'A_003_40', '003', '1980-01-01', '1990-01-01', '2020-01-01'),
(341, 'A_003_41', '003', '1980-01-01', '1990-01-01', '2020-01-01'),
(342, 'A_003_42', '003', '1980-01-01', '1990-01-01', '2020-01-01'),
(343, 'A_003_43', '003', '1980-01-01', '1990-01-01', '2020-01-01'),
(344, 'A_003_44', '003', '1980-01-01', '1990-01-01', '2020-01-01'),
(345, 'A_003_45', '003', '1980-01-01', '1990-01-01', '2020-01-01'),
(346, 'A_003_46', '003', '1980-01-01', '1990-01-01', '2020-01-01'),
(347, 'A_003_47', '003', '1980-01-01', '1990-01-01', '2020-01-01'),
(348, 'A_003_48', '003', '1980-01-01', '1990-01-01', '2020-01-01'),
(349, 'A_003_49', '003', '1980-01-01', '1990-01-01', '2020-01-01'),
(350, 'A_003_50', '003', '1970-01-01', '1990-01-01', '2020-01-01'),
(351, 'A_003_51', '003', '1970-01-01', '1990-01-01', '2020-01-01'),
(352, 'A_003_52', '003', '1970-01-01', '1990-01-01', '2020-01-01'),
(353, 'A_003_53', '003', '1970-01-01', '1990-01-01', '2020-01-01'),
(354, 'A_003_54', '003', '1970-01-01', '1990-01-01', '2020-01-01'),
(355, 'A_003_55', '003', '1970-01-01', '1990-01-01', '2020-01-01'),
(356, 'A_003_56', '003', '1970-01-01', '1990-01-01', '2020-01-01'),
(357, 'A_003_57', '003', '1970-01-01', '1990-01-01', '2020-01-01'),
(358, 'A_003_58', '003', '1970-01-01', '1990-01-01', '2020-01-01'),
(401, 'A_004_01', '004', '1970-01-01', '1990-01-01', '2020-01-01'),
(402, 'A_004_02', '004', '1970-01-01', '1990-01-01', '2020-01-01'),
(403, 'A_004_03', '004', '1970-01-01', '1990-01-01', '2020-01-01');

-- --------------------------------------------------------

--
-- Table structure for table `competition`
--

CREATE TABLE `competition` (
  `cID` int(11) NOT NULL,
  `cName` char(30) NOT NULL,
  `sID` int(11) NOT NULL,
  `vID` int(11) NOT NULL,
  `date` date NOT NULL,
  `type` char(1) NOT NULL CHECK (`type` in ('q','s','f'))
) ENGINE=InnoDB DEFAULT CHARSET=latin1;

--
-- Dumping data for table `competition`
--

INSERT INTO `competition` (`cID`, `cName`, `sID`, `vID`, `date`, `type`) VALUES
(2000011, '2002_C11', 1, 20001, '2002-06-10', 'q'),
(2000012, '2002_C12', 1, 20001, '2002-06-11', 's'),
(2000013, '2002_C13', 1, 20001, '2002-06-12', 'f'),
(2000021, '2002_C21', 2, 20001, '2002-06-10', 'q'),
(2000022, '2002_C22', 2, 20001, '2002-06-11', 's'),
(2000023, '2002_C23', 2, 20001, '2002-06-12', 'f'),
(2000031, '2002_C31', 3, 20001, '2002-06-10', 'q'),
(2000032, '2002_C32', 3, 20001, '2002-06-11', 's'),
(2000033, '2002_C33', 3, 20001, '2002-06-12', 'f'),
(2000041, '2002_C41', 4, 20002, '2002-06-10', 'q'),
(2000042, '2002_C42', 4, 20002, '2002-06-11', 's'),
(2000043, '2002_C43', 4, 20002, '2002-06-12', 'f'),
(2000051, '2002_C51', 5, 20002, '2002-06-10', 'q'),
(2000052, '2002_C52', 5, 20002, '2002-06-11', 's'),
(2000053, '2002_C53', 5, 20002, '2002-06-12', 'f'),
(2000061, '2002_C61', 6, 20002, '2002-06-10', 'q'),
(2000062, '2002_C62', 6, 20002, '2002-06-11', 's'),
(2000063, '2002_C63', 6, 20002, '2002-06-12', 'f'),
(2000071, '2002_C71', 7, 20003, '2002-06-10', 'q'),
(2000072, '2002_C72', 7, 20003, '2002-06-11', 's'),
(2000073, '2002_C73', 7, 20003, '2002-06-12', 'f'),
(2000081, '2002_C81', 8, 20003, '2002-06-10', 'q'),
(2000082, '2002_C82', 8, 20003, '2002-06-11', 's'),
(2000083, '2002_C83', 8, 20003, '2002-06-12', 'f'),
(2000091, '2002_C91', 9, 20003, '2002-06-10', 'q'),
(2000092, '2002_C92', 9, 20003, '2002-06-11', 's'),
(2000093, '2002_C93', 9, 20003, '2002-06-12', 'f'),
(6000011, '2006_C11', 1, 60001, '2006-06-10', 'q'),
(6000012, '2006_C12', 1, 60001, '2006-06-11', 's'),
(6000013, '2006_C13', 1, 60001, '2006-06-12', 'f'),
(6000021, '2006_C21', 2, 60001, '2006-06-10', 'q'),
(6000022, '2006_C22', 2, 60001, '2006-06-11', 's'),
(6000023, '2006_C23', 2, 60001, '2006-06-12', 'f'),
(6000031, '2006_C31', 3, 60001, '2006-06-10', 'q'),
(6000032, '2006_C32', 3, 60001, '2006-06-11', 's'),
(6000033, '2006_C33', 3, 60001, '2006-06-12', 'f'),
(6000041, '2006_C41', 4, 60002, '2006-06-10', 'q'),
(6000042, '2006_C42', 4, 60002, '2006-06-11', 's'),
(6000043, '2006_C43', 4, 60002, '2006-06-12', 'f'),
(6000051, '2006_C51', 5, 60002, '2006-06-10', 'q'),
(6000052, '2006_C52', 5, 60002, '2006-06-11', 's'),
(6000053, '2006_C53', 5, 60002, '2006-06-12', 'f'),
(6000061, '2006_C61', 6, 60002, '2006-06-10', 'q'),
(6000062, '2006_C62', 6, 60002, '2006-06-11', 's'),
(6000063, '2006_C63', 6, 60002, '2006-06-12', 'f'),
(6000071, '2006_C71', 7, 60003, '2006-06-10', 'q'),
(6000072, '2006_C72', 7, 60003, '2006-06-11', 's'),
(6000073, '2006_C73', 7, 60003, '2006-06-12', 'f'),
(6000081, '2006_C81', 8, 60003, '2006-06-10', 'q'),
(6000082, '2006_C82', 8, 60003, '2006-06-11', 's'),
(6000083, '2006_C83', 8, 60003, '2006-06-12', 'f'),
(6000091, '2006_C91', 9, 60003, '2006-06-10', 'q'),
(6000092, '2006_C92', 9, 60003, '2006-06-11', 's'),
(6000093, '2006_C93', 9, 60003, '2006-06-12', 'f'),
(60000121, '2006_C121', 12, 60003, '2006-06-10', 'q'),
(98000011, '1998_C11', 1, 980001, '1998-06-10', 'q'),
(98000012, '1998_C12', 1, 980001, '1998-06-11', 's'),
(98000013, '1998_C13', 1, 980001, '1998-06-12', 'f'),
(98000021, '1998_C21', 2, 980001, '1998-06-10', 'q'),
(98000022, '1998_C22', 2, 980001, '1998-06-11', 's'),
(98000023, '1998_C23', 2, 980001, '1998-06-12', 'f'),
(98000031, '1998_C31', 3, 980001, '1998-06-10', 'q'),
(98000032, '1998_C32', 3, 980001, '1998-06-11', 's'),
(98000033, '1998_C33', 3, 980001, '1998-06-12', 'f'),
(98000041, '1998_C41', 4, 980002, '1998-06-10', 'q'),
(98000042, '1998_C42', 4, 980002, '1998-06-11', 's'),
(98000043, '1998_C43', 4, 980002, '1998-06-12', 'f'),
(98000051, '1998_C51', 5, 980002, '1998-06-10', 'q'),
(98000052, '1998_C52', 5, 980002, '1998-06-11', 's'),
(98000053, '1998_C53', 5, 980002, '1998-06-12', 'f'),
(98000061, '1998_C61', 6, 980002, '1998-06-10', 'q'),
(98000062, '1998_C62', 6, 980002, '1998-06-11', 's'),
(98000063, '1998_C63', 6, 980002, '1998-06-12', 'f'),
(98000071, '1998_C71', 7, 980003, '1998-06-10', 'q'),
(98000072, '1998_C72', 7, 980003, '1998-06-11', 's'),
(98000073, '1998_C73', 7, 980003, '1998-06-12', 'f'),
(98000081, '1998_C81', 8, 980003, '1998-06-10', 'q'),
(98000082, '1998_C82', 8, 980003, '1998-06-11', 's'),
(98000083, '1998_C83', 8, 980003, '1998-06-12', 'f'),
(98000091, '1998_C91', 9, 980003, '1998-06-10', 'q'),
(98000092, '1998_C92', 9, 980003, '1998-06-11', 's'),
(98000093, '1998_C93', 9, 980003, '1998-06-12', 'f'),
(980000111, '1998_C111', 11, 980002, '1998-06-10', 'q'),
(980000121, '1998_C121', 12, 980001, '1998-06-10', 'q');

-- --------------------------------------------------------

--
-- Table structure for table `country`
--

CREATE TABLE `country` (
  `NOC` char(3) NOT NULL,
  `ctName` char(15) NOT NULL
) ENGINE=InnoDB DEFAULT CHARSET=latin1;

--
-- Dumping data for table `country`
--

INSERT INTO `country` (`NOC`, `ctName`) VALUES
('001', 'country001'),
('002', 'country002'),
('003', 'country003'),
('004', 'country004'),
('005', 'country005'),
('006', 'country006');

-- --------------------------------------------------------

--
-- Table structure for table `olympics`
--

CREATE TABLE `olympics` (
  `oID` int(11) NOT NULL,
  `year` int(11) NOT NULL
) ENGINE=InnoDB DEFAULT CHARSET=latin1;

--
-- Dumping data for table `olympics`
--

INSERT INTO `olympics` (`oID`, `year`) VALUES
(2, 2002),
(6, 2006),
(98, 1998);

-- --------------------------------------------------------

--
-- Table structure for table `results`
--

CREATE TABLE `results` (
  `cID` int(11) NOT NULL,
  `aID` int(11) NOT NULL,
  `rank` int(11) NOT NULL
) ENGINE=InnoDB DEFAULT CHARSET=latin1;

--
-- Dumping data for table `results`
--

INSERT INTO `results` (`cID`, `aID`, `rank`) VALUES
(2000011, 101, 1),
(2000011, 102, 3),
(2000011, 103, 5),
(2000011, 104, 7),
(2000011, 105, 9),
(2000011, 106, 11),
(2000011, 107, 13),
(2000011, 108, 15),
(2000011, 109, 17),
(2000011, 110, 19),
(2000011, 111, 21),
(2000011, 112, 23),
(2000011, 113, 25),
(2000011, 114, 27),
(2000011, 150, 45),
(2000011, 151, 47),
(2000011, 152, 49),
(2000011, 153, 51),
(2000011, 154, 53),
(2000011, 155, 55),
(2000011, 156, 57),
(2000011, 157, 59),
(2000011, 201, 2),
(2000011, 202, 4),
(2000011, 203, 6),
(2000011, 204, 8),
(2000011, 205, 10),
(2000011, 206, 12),
(2000011, 207, 14),
(2000011, 208, 20),
(2000011, 209, 28),
(2000011, 210, 30),
(2000011, 211, 32),
(2000011, 212, 34),
(2000011, 213, 36),
(2000011, 214, 40),
(2000011, 248, 46),
(2000011, 249, 48),
(2000011, 250, 50),
(2000011, 251, 52),
(2000011, 252, 54),
(2000011, 253, 56),
(2000011, 254, 58),
(2000011, 255, 60),
(2000011, 301, 16),
(2000011, 302, 18),
(2000011, 303, 22),
(2000011, 304, 24),
(2000011, 305, 26),
(2000011, 306, 29),
(2000011, 307, 31),
(2000011, 308, 33),
(2000011, 309, 35),
(2000011, 310, 37),
(2000011, 311, 38),
(2000011, 312, 39),
(2000011, 313, 41),
(2000011, 314, 42),
(2000011, 315, 43),
(2000011, 316, 44),
(2000012, 101, 3),
(2000012, 102, 7),
(2000012, 103, 10),
(2000012, 104, 13),
(2000012, 105, 16),
(2000012, 106, 22),
(2000012, 107, 24),
(2000012, 108, 26),
(2000012, 109, 27),
(2000012, 110, 28),
(2000012, 201, 2),
(2000012, 202, 5),
(2000012, 203, 9),
(2000012, 204, 12),
(2000012, 205, 15),
(2000012, 206, 18),
(2000012, 207, 20),
(2000012, 208, 23),
(2000012, 209, 25),
(2000012, 301, 1),
(2000012, 302, 4),
(2000012, 303, 6),
(2000012, 305, 8),
(2000012, 306, 14),
(2000012, 307, 17),
(2000012, 308, 19),
(2000012, 309, 21),
(2000012, 315, 11),
(2000013, 101, 2),
(2000013, 102, 5),
(2000013, 103, 9),
(2000013, 104, 12),
(2000013, 201, 1),
(2000013, 202, 4),
(2000013, 203, 7),
(2000013, 204, 11),
(2000013, 301, 3),
(2000013, 302, 6),
(2000013, 303, 8),
(2000013, 304, 10),
(2000013, 305, 13),
(2000013, 306, 14),
(2000021, 115, 3),
(2000021, 116, 6),
(2000021, 117, 9),
(2000021, 118, 12),
(2000021, 119, 16),
(2000021, 120, 19),
(2000021, 121, 22),
(2000021, 122, 24),
(2000021, 123, 26),
(2000021, 124, 28),
(2000021, 125, 31),
(2000021, 126, 33),
(2000021, 215, 1),
(2000021, 216, 5),
(2000021, 217, 8),
(2000021, 218, 10),
(2000021, 219, 14),
(2000021, 220, 17),
(2000021, 221, 20),
(2000021, 222, 23),
(2000021, 223, 25),
(2000021, 224, 29),
(2000021, 225, 30),
(2000021, 226, 32),
(2000021, 317, 4),
(2000021, 318, 7),
(2000021, 319, 11),
(2000021, 320, 13),
(2000021, 321, 15),
(2000021, 322, 18),
(2000021, 323, 21),
(2000021, 324, 27),
(2000021, 325, 34),
(2000021, 326, 35),
(2000021, 327, 36),
(2000021, 328, 2),
(2000022, 115, 1),
(2000022, 116, 4),
(2000022, 117, 6),
(2000022, 118, 9),
(2000022, 215, 2),
(2000022, 216, 5),
(2000022, 217, 8),
(2000022, 317, 7),
(2000022, 328, 3),
(2000023, 115, 4),
(2000023, 116, 7),
(2000023, 117, 1),
(2000023, 216, 2),
(2000023, 217, 6),
(2000023, 317, 5),
(2000023, 328, 3),
(2000031, 127, 1),
(2000031, 128, 4),
(2000031, 129, 7),
(2000031, 130, 9),
(2000031, 131, 11),
(2000031, 132, 14),
(2000031, 227, 3),
(2000031, 228, 6),
(2000031, 229, 10),
(2000031, 230, 12),
(2000031, 231, 13),
(2000031, 232, 8),
(2000031, 329, 2),
(2000031, 330, 5),
(2000032, 127, 2),
(2000032, 128, 7),
(2000032, 132, 5),
(2000032, 227, 3),
(2000032, 228, 6),
(2000032, 230, 8),
(2000032, 329, 4),
(2000032, 330, 1),
(2000033, 127, 1),
(2000033, 128, 4),
(2000033, 129, 6),
(2000033, 132, 7),
(2000033, 228, 2),
(2000033, 230, 5),
(2000033, 329, 3),
(2000041, 133, 1),
(2000041, 134, 4),
(2000041, 135, 8),
(2000041, 136, 11),
(2000041, 233, 2),
(2000041, 234, 5),
(2000041, 235, 7),
(2000041, 236, 10),
(2000041, 331, 3),
(2000041, 332, 6),
(2000041, 333, 9),
(2000041, 334, 12),
(2000042, 133, 2),
(2000042, 134, 5),
(2000042, 234, 7),
(2000042, 235, 1),
(2000042, 236, 4),
(2000042, 331, 3),
(2000042, 332, 6),
(2000043, 133, 3),
(2000043, 134, 6),
(2000043, 234, 1),
(2000043, 235, 4),
(2000043, 331, 2),
(2000043, 332, 5),
(2000051, 137, 1),
(2000051, 138, 4),
(2000051, 139, 7),
(2000051, 140, 9),
(2000051, 141, 10),
(2000051, 237, 3),
(2000051, 238, 6),
(2000051, 239, 8),
(2000051, 335, 2),
(2000051, 336, 5),
(2000052, 137, 1),
(2000052, 138, 4),
(2000052, 140, 6),
(2000052, 237, 2),
(2000052, 335, 5),
(2000052, 336, 3),
(2000053, 137, 1),
(2000053, 138, 4),
(2000053, 237, 2),
(2000053, 335, 5),
(2000053, 336, 3),
(2000061, 142, 1),
(2000061, 143, 3),
(2000061, 144, 5),
(2000061, 145, 6),
(2000061, 146, 7),
(2000061, 240, 2),
(2000061, 337, 4),
(2000062, 142, 3),
(2000062, 143, 6),
(2000062, 144, 5),
(2000062, 145, 4),
(2000062, 240, 1),
(2000062, 337, 2),
(2000063, 144, 1),
(2000063, 145, 3),
(2000063, 146, 5),
(2000063, 240, 4),
(2000063, 337, 2),
(2000071, 241, 1),
(2000071, 242, 5),
(2000071, 338, 2),
(2000071, 339, 4),
(2000071, 340, 7),
(2000071, 341, 6),
(2000071, 342, 3),
(2000072, 241, 3),
(2000072, 242, 6),
(2000072, 338, 1),
(2000072, 339, 2),
(2000072, 340, 4),
(2000072, 341, 5),
(2000073, 242, 3),
(2000073, 338, 2),
(2000073, 339, 1),
(2000073, 340, 5),
(2000073, 341, 4),
(2000081, 147, 1),
(2000081, 343, 7),
(2000081, 344, 4),
(2000081, 345, 2),
(2000081, 346, 5),
(2000081, 347, 3),
(2000081, 348, 6),
(2000082, 147, 2),
(2000082, 343, 1),
(2000082, 344, 3),
(2000082, 345, 4),
(2000082, 346, 5),
(2000082, 347, 6),
(2000083, 147, 3),
(2000083, 343, 1),
(2000083, 344, 2),
(2000083, 345, 4),
(2000083, 346, 5),
(2000091, 148, 1),
(2000091, 149, 4),
(2000091, 243, 2),
(2000091, 244, 3),
(2000091, 245, 5),
(2000091, 246, 6),
(2000091, 247, 7),
(2000092, 148, 3),
(2000092, 149, 6),
(2000092, 243, 1),
(2000092, 244, 2),
(2000092, 246, 4),
(2000092, 247, 5),
(2000093, 148, 2),
(2000093, 243, 1),
(2000093, 244, 3),
(2000093, 245, 4),
(2000093, 246, 5),
(6000011, 101, 1),
(6000011, 102, 3),
(6000011, 103, 5),
(6000011, 104, 7),
(6000011, 105, 9),
(6000011, 106, 11),
(6000011, 107, 13),
(6000011, 108, 15),
(6000011, 109, 17),
(6000011, 110, 19),
(6000011, 111, 21),
(6000011, 112, 23),
(6000011, 113, 25),
(6000011, 114, 27),
(6000011, 150, 45),
(6000011, 151, 47),
(6000011, 152, 49),
(6000011, 153, 51),
(6000011, 154, 53),
(6000011, 155, 55),
(6000011, 156, 57),
(6000011, 157, 59),
(6000011, 201, 2),
(6000011, 202, 4),
(6000011, 203, 6),
(6000011, 204, 8),
(6000011, 205, 10),
(6000011, 206, 12),
(6000011, 207, 14),
(6000011, 208, 20),
(6000011, 209, 28),
(6000011, 210, 30),
(6000011, 211, 32),
(6000011, 212, 34),
(6000011, 213, 36),
(6000011, 214, 40),
(6000011, 248, 46),
(6000011, 249, 48),
(6000011, 250, 50),
(6000011, 251, 52),
(6000011, 252, 54),
(6000011, 253, 56),
(6000011, 254, 58),
(6000011, 255, 60),
(6000011, 301, 16),
(6000011, 302, 18),
(6000011, 303, 22),
(6000011, 304, 24),
(6000011, 305, 26),
(6000011, 306, 29),
(6000011, 307, 31),
(6000011, 308, 33),
(6000011, 309, 35),
(6000011, 310, 37),
(6000011, 311, 38),
(6000011, 312, 39),
(6000011, 313, 41),
(6000011, 314, 42),
(6000011, 315, 43),
(6000011, 316, 44),
(6000012, 101, 3),
(6000012, 102, 7),
(6000012, 103, 10),
(6000012, 104, 13),
(6000012, 105, 16),
(6000012, 106, 22),
(6000012, 107, 24),
(6000012, 108, 26),
(6000012, 109, 27),
(6000012, 110, 28),
(6000012, 201, 2),
(6000012, 202, 5),
(6000012, 203, 9),
(6000012, 204, 12),
(6000012, 205, 15),
(6000012, 206, 18),
(6000012, 207, 20),
(6000012, 208, 23),
(6000012, 209, 25),
(6000012, 301, 1),
(6000012, 302, 4),
(6000012, 303, 6),
(6000012, 305, 8),
(6000012, 306, 14),
(6000012, 307, 17),
(6000012, 308, 19),
(6000012, 309, 21),
(6000012, 315, 11),
(6000013, 101, 2),
(6000013, 102, 5),
(6000013, 103, 9),
(6000013, 104, 12),
(6000013, 201, 1),
(6000013, 202, 4),
(6000013, 203, 7),
(6000013, 204, 11),
(6000013, 301, 3),
(6000013, 302, 6),
(6000013, 303, 8),
(6000013, 304, 10),
(6000013, 305, 13),
(6000013, 306, 14),
(6000021, 115, 3),
(6000021, 116, 6),
(6000021, 117, 9),
(6000021, 118, 12),
(6000021, 119, 16),
(6000021, 120, 19),
(6000021, 121, 22),
(6000021, 122, 24),
(6000021, 123, 26),
(6000021, 124, 28),
(6000021, 125, 31),
(6000021, 126, 33),
(6000021, 215, 1),
(6000021, 216, 5),
(6000021, 217, 8),
(6000021, 218, 10),
(6000021, 219, 14),
(6000021, 220, 17),
(6000021, 221, 20),
(6000021, 222, 23),
(6000021, 223, 25),
(6000021, 224, 29),
(6000021, 225, 30),
(6000021, 226, 32),
(6000021, 317, 4),
(6000021, 318, 7),
(6000021, 319, 11),
(6000021, 320, 13),
(6000021, 321, 15),
(6000021, 322, 18),
(6000021, 323, 21),
(6000021, 324, 27),
(6000021, 325, 34),
(6000021, 326, 35),
(6000021, 327, 36),
(6000021, 328, 2),
(6000022, 115, 1),
(6000022, 116, 4),
(6000022, 117, 6),
(6000022, 118, 9),
(6000022, 215, 2),
(6000022, 216, 5),
(6000022, 217, 8),
(6000022, 317, 7),
(6000022, 328, 3),
(6000023, 115, 4),
(6000023, 116, 7),
(6000023, 117, 1),
(6000023, 216, 2),
(6000023, 217, 6),
(6000023, 317, 5),
(6000023, 328, 3),
(6000031, 127, 1),
(6000031, 128, 4),
(6000031, 129, 7),
(6000031, 130, 9),
(6000031, 131, 11),
(6000031, 132, 14),
(6000031, 227, 3),
(6000031, 228, 6),
(6000031, 229, 10),
(6000031, 230, 12),
(6000031, 231, 13),
(6000031, 232, 8),
(6000031, 329, 2),
(6000031, 330, 5),
(6000032, 127, 2),
(6000032, 128, 7),
(6000032, 132, 5),
(6000032, 227, 3),
(6000032, 228, 6),
(6000032, 230, 8),
(6000032, 329, 4),
(6000032, 330, 1),
(6000033, 127, 1),
(6000033, 128, 4),
(6000033, 129, 6),
(6000033, 132, 7),
(6000033, 228, 2),
(6000033, 230, 5),
(6000033, 329, 3),
(6000041, 133, 1),
(6000041, 134, 4),
(6000041, 135, 8),
(6000041, 136, 11),
(6000041, 233, 2),
(6000041, 234, 5),
(6000041, 235, 7),
(6000041, 236, 10),
(6000041, 331, 3),
(6000041, 332, 6),
(6000041, 333, 9),
(6000041, 334, 12),
(6000042, 133, 2),
(6000042, 134, 5),
(6000042, 234, 7),
(6000042, 235, 1),
(6000042, 236, 4),
(6000042, 331, 3),
(6000042, 332, 6),
(6000043, 133, 3),
(6000043, 134, 6),
(6000043, 234, 1),
(6000043, 235, 4),
(6000043, 331, 2),
(6000043, 332, 5),
(6000051, 137, 1),
(6000051, 138, 4),
(6000051, 139, 7),
(6000051, 140, 9),
(6000051, 141, 10),
(6000051, 237, 3),
(6000051, 238, 6),
(6000051, 239, 8),
(6000051, 335, 2),
(6000051, 336, 5),
(6000052, 137, 1),
(6000052, 138, 4),
(6000052, 140, 6),
(6000052, 237, 2),
(6000052, 335, 5),
(6000052, 336, 3),
(6000053, 137, 1),
(6000053, 138, 4),
(6000053, 237, 2),
(6000053, 335, 5),
(6000053, 336, 3),
(6000061, 142, 1),
(6000061, 143, 3),
(6000061, 144, 5),
(6000061, 145, 6),
(6000061, 146, 7),
(6000061, 240, 2),
(6000061, 337, 4),
(6000062, 142, 3),
(6000062, 143, 6),
(6000062, 144, 5),
(6000062, 145, 4),
(6000062, 240, 1),
(6000062, 337, 2),
(6000063, 144, 1),
(6000063, 145, 3),
(6000063, 146, 5),
(6000063, 240, 4),
(6000063, 337, 2),
(6000071, 241, 1),
(6000071, 242, 5),
(6000071, 338, 2),
(6000071, 339, 4),
(6000071, 340, 7),
(6000071, 341, 6),
(6000071, 342, 3),
(6000072, 241, 3),
(6000072, 242, 6),
(6000072, 338, 1),
(6000072, 339, 2),
(6000072, 340, 4),
(6000072, 341, 5),
(6000073, 242, 3),
(6000073, 338, 2),
(6000073, 339, 1),
(6000073, 340, 5),
(6000073, 341, 4),
(6000081, 147, 1),
(6000081, 343, 7),
(6000081, 344, 4),
(6000081, 345, 2),
(6000081, 346, 5),
(6000081, 347, 3),
(6000081, 348, 6),
(6000082, 147, 2),
(6000082, 343, 1),
(6000082, 344, 3),
(6000082, 345, 4),
(6000082, 346, 5),
(6000082, 347, 6),
(6000083, 147, 3),
(6000083, 343, 1),
(6000083, 344, 2),
(6000083, 345, 4),
(6000083, 346, 5),
(6000091, 148, 1),
(6000091, 149, 4),
(6000091, 243, 2),
(6000091, 244, 3),
(6000091, 245, 5),
(6000091, 246, 6),
(6000091, 247, 7),
(6000092, 148, 3),
(6000092, 149, 6),
(6000092, 243, 1),
(6000092, 244, 2),
(6000092, 246, 4),
(6000092, 247, 5),
(6000093, 148, 2),
(6000093, 243, 1),
(6000093, 244, 3),
(6000093, 245, 4),
(6000093, 246, 5),
(98000011, 101, 1),
(98000011, 102, 3),
(98000011, 103, 5),
(98000011, 104, 7),
(98000011, 105, 9),
(98000011, 106, 11),
(98000011, 107, 13),
(98000011, 108, 15),
(98000011, 109, 17),
(98000011, 110, 19),
(98000011, 111, 21),
(98000011, 112, 23),
(98000011, 113, 25),
(98000011, 114, 27),
(98000011, 150, 45),
(98000011, 151, 47),
(98000011, 152, 49),
(98000011, 153, 51),
(98000011, 154, 53),
(98000011, 155, 55),
(98000011, 156, 57),
(98000011, 157, 59),
(98000011, 201, 2),
(98000011, 202, 4),
(98000011, 203, 6),
(98000011, 204, 8),
(98000011, 205, 10),
(98000011, 206, 12),
(98000011, 207, 14),
(98000011, 208, 20),
(98000011, 209, 28),
(98000011, 210, 30),
(98000011, 211, 32),
(98000011, 212, 34),
(98000011, 213, 36),
(98000011, 214, 40),
(98000011, 248, 46),
(98000011, 249, 48),
(98000011, 250, 50),
(98000011, 251, 52),
(98000011, 252, 54),
(98000011, 253, 56),
(98000011, 254, 58),
(98000011, 255, 60),
(98000011, 301, 16),
(98000011, 302, 18),
(98000011, 303, 22),
(98000011, 304, 24),
(98000011, 305, 26),
(98000011, 306, 29),
(98000011, 307, 31),
(98000011, 308, 33),
(98000011, 309, 35),
(98000011, 310, 37),
(98000011, 311, 38),
(98000011, 312, 39),
(98000011, 313, 41),
(98000011, 314, 42),
(98000011, 315, 43),
(98000011, 316, 44),
(98000011, 349, 63),
(98000011, 401, 61),
(98000011, 402, 62),
(98000012, 101, 3),
(98000012, 102, 7),
(98000012, 103, 10),
(98000012, 104, 13),
(98000012, 105, 16),
(98000012, 106, 22),
(98000012, 107, 24),
(98000012, 108, 26),
(98000012, 109, 27),
(98000012, 110, 28),
(98000012, 201, 2),
(98000012, 202, 5),
(98000012, 203, 9),
(98000012, 204, 12),
(98000012, 205, 15),
(98000012, 206, 18),
(98000012, 207, 20),
(98000012, 208, 23),
(98000012, 209, 25),
(98000012, 301, 1),
(98000012, 302, 4),
(98000012, 303, 6),
(98000012, 305, 8),
(98000012, 306, 14),
(98000012, 307, 17),
(98000012, 308, 19),
(98000012, 309, 21),
(98000012, 315, 11),
(98000013, 101, 2),
(98000013, 102, 5),
(98000013, 103, 9),
(98000013, 104, 12),
(98000013, 201, 1),
(98000013, 202, 4),
(98000013, 203, 7),
(98000013, 204, 11),
(98000013, 301, 3),
(98000013, 302, 6),
(98000013, 303, 8),
(98000013, 304, 10),
(98000013, 305, 13),
(98000013, 306, 14),
(98000021, 115, 3),
(98000021, 116, 6),
(98000021, 117, 9),
(98000021, 118, 12),
(98000021, 119, 16),
(98000021, 120, 19),
(98000021, 121, 22),
(98000021, 122, 24),
(98000021, 123, 26),
(98000021, 124, 28),
(98000021, 125, 31),
(98000021, 126, 33),
(98000021, 215, 1),
(98000021, 216, 5),
(98000021, 217, 8),
(98000021, 218, 10),
(98000021, 219, 14),
(98000021, 220, 17),
(98000021, 221, 20),
(98000021, 222, 23),
(98000021, 223, 25),
(98000021, 224, 29),
(98000021, 225, 30),
(98000021, 226, 32),
(98000021, 317, 4),
(98000021, 318, 7),
(98000021, 319, 11),
(98000021, 320, 13),
(98000021, 321, 15),
(98000021, 322, 18),
(98000021, 323, 21),
(98000021, 324, 27),
(98000021, 325, 34),
(98000021, 326, 35),
(98000021, 327, 36),
(98000021, 328, 2),
(98000021, 403, 37),
(98000022, 115, 1),
(98000022, 116, 4),
(98000022, 117, 6),
(98000022, 118, 9),
(98000022, 215, 2),
(98000022, 216, 5),
(98000022, 217, 8),
(98000022, 317, 7),
(98000022, 328, 3),
(98000023, 115, 4),
(98000023, 116, 7),
(98000023, 117, 1),
(98000023, 216, 2),
(98000023, 217, 6),
(98000023, 317, 5),
(98000023, 328, 3),
(98000031, 127, 1),
(98000031, 128, 4),
(98000031, 129, 7),
(98000031, 130, 9),
(98000031, 131, 11),
(98000031, 132, 14),
(98000031, 227, 3),
(98000031, 228, 6),
(98000031, 229, 10),
(98000031, 230, 12),
(98000031, 231, 13),
(98000031, 232, 8),
(98000031, 329, 2),
(98000031, 330, 5),
(98000032, 127, 2),
(98000032, 128, 7),
(98000032, 132, 5),
(98000032, 227, 3),
(98000032, 228, 6),
(98000032, 230, 8),
(98000032, 329, 4),
(98000032, 330, 1),
(98000033, 127, 1),
(98000033, 128, 4),
(98000033, 129, 6),
(98000033, 132, 7),
(98000033, 228, 2),
(98000033, 230, 5),
(98000033, 329, 3),
(98000041, 133, 1),
(98000041, 134, 4),
(98000041, 135, 8),
(98000041, 136, 11),
(98000041, 233, 2),
(98000041, 234, 5),
(98000041, 235, 7),
(98000041, 236, 10),
(98000041, 331, 3),
(98000041, 332, 6),
(98000041, 333, 9),
(98000041, 334, 12),
(98000042, 133, 2),
(98000042, 134, 5),
(98000042, 234, 7),
(98000042, 235, 1),
(98000042, 236, 4),
(98000042, 331, 3),
(98000042, 332, 6),
(98000043, 133, 3),
(98000043, 134, 6),
(98000043, 234, 1),
(98000043, 235, 4),
(98000043, 331, 2),
(98000043, 332, 5),
(98000051, 137, 1),
(98000051, 138, 4),
(98000051, 139, 7),
(98000051, 140, 9),
(98000051, 141, 10),
(98000051, 237, 3),
(98000051, 238, 6),
(98000051, 239, 8),
(98000051, 335, 2),
(98000051, 336, 5),
(98000052, 137, 1),
(98000052, 138, 4),
(98000052, 140, 6),
(98000052, 237, 2),
(98000052, 335, 5),
(98000052, 336, 3),
(98000053, 137, 1),
(98000053, 138, 4),
(98000053, 237, 2),
(98000053, 335, 5),
(98000053, 336, 3),
(98000061, 142, 1),
(98000061, 143, 3),
(98000061, 144, 5),
(98000061, 145, 6),
(98000061, 146, 7),
(98000061, 240, 2),
(98000061, 337, 4),
(98000062, 142, 3),
(98000062, 143, 6),
(98000062, 144, 5),
(98000062, 145, 4),
(98000062, 240, 1),
(98000062, 337, 2),
(98000063, 144, 1),
(98000063, 145, 3),
(98000063, 146, 5),
(98000063, 240, 4),
(98000063, 337, 2),
(98000071, 241, 1),
(98000071, 242, 5),
(98000071, 338, 2),
(98000071, 339, 4),
(98000071, 340, 7),
(98000071, 341, 6),
(98000071, 342, 3),
(98000072, 241, 3),
(98000072, 242, 6),
(98000072, 338, 1),
(98000072, 339, 2),
(98000072, 340, 4),
(98000072, 341, 5),
(98000073, 242, 3),
(98000073, 338, 2),
(98000073, 339, 1),
(98000073, 340, 5),
(98000073, 341, 4),
(98000081, 147, 1),
(98000081, 343, 7),
(98000081, 344, 4),
(98000081, 345, 2),
(98000081, 346, 5),
(98000081, 347, 3),
(98000081, 348, 6),
(98000082, 147, 2),
(98000082, 343, 1),
(98000082, 344, 3),
(98000082, 345, 4),
(98000082, 346, 5),
(98000082, 347, 6),
(98000083, 147, 3),
(98000083, 343, 1),
(98000083, 344, 2),
(98000083, 345, 4),
(98000083, 346, 5),
(98000091, 148, 1),
(98000091, 149, 4),
(98000091, 243, 2),
(98000091, 244, 3),
(98000091, 245, 5),
(98000091, 246, 6),
(98000091, 247, 7),
(98000092, 148, 3),
(98000092, 149, 6),
(98000092, 243, 1),
(98000092, 244, 2),
(98000092, 246, 4),
(98000092, 247, 5),
(98000093, 148, 2),
(98000093, 243, 1),
(98000093, 244, 3),
(98000093, 245, 4),
(98000093, 246, 5);

-- --------------------------------------------------------

--
-- Table structure for table `sport`
--

CREATE TABLE `sport` (
  `sID` int(11) NOT NULL,
  `sName` char(20) NOT NULL,
  `year` int(11) NOT NULL
) ENGINE=InnoDB DEFAULT CHARSET=latin1;

--
-- Dumping data for table `sport`
--

INSERT INTO `sport` (`sID`, `sName`, `year`) VALUES
(1, 'sport01', 1940),
(2, 'sport02', 1940),
(3, 'sport03', 1940),
(4, 'sport04', 1940),
(5, 'sport05', 1940),
(6, 'sport06', 1940),
(7, 'sport07', 1940),
(8, 'sport08', 1940),
(9, 'sport09', 1940),
(10, 'sport10', 1940),
(11, 'sport11', 1940),
(12, 'sport12', 1940);

-- --------------------------------------------------------

--
-- Table structure for table `venue`
--

CREATE TABLE `venue` (
  `vID` int(11) NOT NULL,
  `vName` char(20) NOT NULL,
  `capacity` int(11) NOT NULL
) ENGINE=InnoDB DEFAULT CHARSET=latin1;

--
-- Dumping data for table `venue`
--

INSERT INTO `venue` (`vID`, `vName`, `capacity`) VALUES
(0, 'Celebration', 1000000),
(20001, '2002_V01', 200),
(20002, '2002_V02', 500),
(20003, '2002_V03', 400),
(60001, '2006_V01', 500),
(60002, '2006_V02', 700),
(60003, '2006_V03', 100),
(980001, '1998_V01', 100),
(980002, '1998_V02', 200),
(980003, '1998_V03', 300);

--
-- Indexes for dumped tables
--

--
-- Indexes for table `athlete`
--
ALTER TABLE `athlete`
  ADD PRIMARY KEY (`aID`),
  ADD KEY `fk3` (`NOC`);

--
-- Indexes for table `competition`
--
ALTER TABLE `competition`
  ADD PRIMARY KEY (`cID`),
  ADD KEY `fk1` (`sID`),
  ADD KEY `fk2` (`vID`);

--
-- Indexes for table `country`
--
ALTER TABLE `country`
  ADD PRIMARY KEY (`NOC`);

--
-- Indexes for table `olympics`
--
ALTER TABLE `olympics`
  ADD PRIMARY KEY (`oID`);

--
-- Indexes for table `results`
--
ALTER TABLE `results`
  ADD PRIMARY KEY (`cID`,`aID`),
  ADD KEY `fk4` (`aID`);

--
-- Indexes for table `sport`
--
ALTER TABLE `sport`
  ADD PRIMARY KEY (`sID`);

--
-- Indexes for table `venue`
--
ALTER TABLE `venue`
  ADD PRIMARY KEY (`vID`);

--
-- Constraints for dumped tables
--

--
-- Constraints for table `athlete`
--
ALTER TABLE `athlete`
  ADD CONSTRAINT `fk3` FOREIGN KEY (`NOC`) REFERENCES `country` (`NOC`) ON DELETE CASCADE ON UPDATE CASCADE;

--
-- Constraints for table `competition`
--
ALTER TABLE `competition`
  ADD CONSTRAINT `fk1` FOREIGN KEY (`sID`) REFERENCES `sport` (`sID`) ON DELETE CASCADE ON UPDATE CASCADE,
  ADD CONSTRAINT `fk2` FOREIGN KEY (`vID`) REFERENCES `venue` (`vID`) ON DELETE CASCADE ON UPDATE CASCADE;

--
-- Constraints for table `results`
--
ALTER TABLE `results`
  ADD CONSTRAINT `fk4` FOREIGN KEY (`aID`) REFERENCES `athlete` (`aID`) ON DELETE CASCADE ON UPDATE CASCADE,
  ADD CONSTRAINT `fk5` FOREIGN KEY (`cID`) REFERENCES `competition` (`cID`) ON DELETE CASCADE ON UPDATE CASCADE;
COMMIT;

/*!40101 SET CHARACTER_SET_CLIENT=@OLD_CHARACTER_SET_CLIENT */;
/*!40101 SET CHARACTER_SET_RESULTS=@OLD_CHARACTER_SET_RESULTS */;
/*!40101 SET COLLATION_CONNECTION=@OLD_COLLATION_CONNECTION */;
